auth_a,auth_b,cnt
--t7tr--,danielzyt,4962
--t7tr--,hills95,9744
--t7tr--,kiggudde,107
--t7tr--,livasa,237
--t7tr--,mugabi henry,12
--t7tr--,nicoleyohe,254
--t7tr--,tetram,35
aarzon,super-map,260
abc26324,peregrination,3
abdul osm,anaximandre,4
abdul osm,aneth nemes,45
abdul osm,anthony acquah,33
abdul osm,daleycc,12
abdul osm,harmharm,11
abdul osm,ibntēšfīn,1
abdul osm,myosmalexis,30
abdul osm,nesim,105
abdul osm,pyram,9
abdul osm,smgnslk,5
abdul osm,yercizenler,216
abdul osm,ylmzfrk,2
abdul osm,zeynep çangarlı,10
abdulquadri,darasimi,28
abdulquadri,solution oriented,46998
abiyasmin,agaugler,3
abiyasmin,jiajing zhang,2
abiyasmin,muriga muchiri,163
abr2296,danbuntley,437
absurdpooky,brublanc,200
absurdpooky,jiajing zhang,4
absurdpooky,lmitch888,1
absurdpooky,oberpfälzer,2
absurdpooky,reeseray789,56
abu rumman,ido marom,14
abu rumman,nelsonoaks,280
abu rumman,smart d,539
abu rumman,solution oriented,24646
abu rumman,tupero,153
abu rumman,wisniewskin,1921
acikani abraham,nabulo carol,730
aclark1126,hills95,989
aclark1126,prosper1994,3884
acn dan giles,danielzyt,10523
acn dan giles,hills95,76886
acn dan giles,kajomi,74
acn dan giles,kaluba micheal,1
acn dan giles,kiggudde,199
acn dan giles,klain890,387
acn dan giles,mugabi henry,73
acn dan giles,shamillah,20
adam_silverman,chris@zontine,9
adriansyah,hills95,33
adrien38,danielzyt,12
adrien38,hills95,13
adrien38,mugabi henry,1
adriko justice,danielzyt,1821
adriko justice,hills95,925226
adriko justice,kiggudde,438
adriko justice,klain890,1187
adriko justice,mjaia,111
adriko justice,naputus,666
adriko justice,shamillah,7789
afo-kangah,hills95,151
agaugler,brublanc,36
agaugler,muriga muchiri,45
agaugler,sarahcassius,1
agaugler,seefis,1
ahmetyesevia,anthony acquah,9
ahmetyesevia,daleycc,1
ahmetyesevia,nesim,1
ahmetyesevia,nuri çekin,2
ahmetyesevia,yercizenler,26
ahmetyesevia,zehrakay,1
aiko harriet tubby,evlyn tumwah,9
aiko harriet tubby,hills95,1085
aiko harriet tubby,kaluba micheal,9
aiko harriet tubby,nabulo carol,37
aiko harriet tubby,nielkrokodil,9
aiko harriet tubby,prosper1994,9
aimarti,lorenzostucchi,16
aimarti,tars4815,4700
alain droux,danielzyt,8189
alain droux,hills95,2680
alain droux,kiggudde,99
alan couchman-sawyer,dave stanley,20
aldoct,fayor,4
ale_zena_it,lorenzostucchi,1041
alecs01,alice bonfiglio,10
alecs01,aury88,83
alecs01,byeongil bae,2
alecs01,chiaraponti,18
alecs01,danieleoxoli,39
alecs01,fabio cattaneo,22
alecs01,frafra,47
alecs01,kilsedar,374
alecs01,lorenzostucchi,71
alecs01,mark2295,5
alecs01,michael montani,16
alecs01,tars4815,22
alessandra scutti,asturksever,16
alessandra scutti,carolina echavarria,326
alessandra scutti,danieleoxoli,84
alessandra scutti,frafra,82
alessandra scutti,michael montani,5361
alice bonfiglio,aury88,135
alice bonfiglio,fabio cattaneo,50
alice bonfiglio,frafra,25
alice bonfiglio,lorenzostucchi,145
alice bonfiglio,mark2295,10
alice bonfiglio,michael montani,5
alice bonfiglio,mugabi henry,40
alice bonfiglio,tars4815,452
allan daniel,amour_nyl,15
allan daniel,danielzyt,16572
allan daniel,daryr,12
allan daniel,dosandriani,620
allan daniel,hawa adinani,44
allan daniel,hills95,85154
allan daniel,judithkamugisha,120
allan daniel,juweni,3661
allan daniel,kaluba micheal,3
allan daniel,kombe1207,108
allan daniel,mjb3,56
allan daniel,mugabi henry,216
allan daniel,musawo,7
allan daniel,nababi tracy,742
allan daniel,nabulo carol,14440
allan daniel,naomiangelia,169
allan daniel,naturinda,566
allan daniel,nielkrokodil,1239
allan daniel,piligab,28
allan daniel,rlaurentinus,201
allan daniel,siima,7322
allan daniel,sylwian_arup,12
allan daniel,szjjdd,60
allan daniel,tonny john,18
allan daniel,tri selasa,12
allan daniel,vickiemorine,4
allan daniel,xicopath,23
allan mkandawire,danielzyt,3369
allan mkandawire,hills95,20
allan mkandawire,juweni,49
allan mkandawire,tars4815,26
amidia,brublanc,425
amigokima,brunoacafonso,3
amigokima,marvin bergner,1
amour_nyl,danielzyt,38
amour_nyl,gwantwa mwakibete,7
amour_nyl,hawa adinani,1
amour_nyl,hills95,3709
amour_nyl,kombe1207,8
amour_nyl,manirakiza moses,16
amour_nyl,nababi tracy,121
amour_nyl,nielkrokodil,8
amour_nyl,siima,112
amuhogwe,hills95,193
amuhogwe,ratrun,2
amule,danielzyt,2186
anaximandre,giraud colin,1
anaximandre,martintamarre,3
anaximandre,nicojp,1
andreas cierpka,danielzyt,20
andreas cierpka,nabulo carol,2
andrew gerrard,danielzyt,9140
andrew gerrard,eero_sario,4
andrew gerrard,evlyn tumwah,10
andrew gerrard,hills95,39267
andrew gerrard,hugovk,30
andrew gerrard,juhonoro,2
andrew gerrard,kiggudde,2
andrew gerrard,klain890,33
andrew gerrard,maggie in leith,33
andrew gerrard,mpuuga,10
andrew gerrard,mugabi henry,69
andrew gerrard,petri eskelinen,18
andrewbuck,danielzyt,283
andrewbuck,hills95,738
andya96,bilbo huggins,62906
andya96,gctreasurer,8
andya96,sac1234,7
andyg77,secondedition,2
aneth nemes,anthony acquah,29
aneth nemes,daleycc,5
aneth nemes,j1scad,7
aneth nemes,myosmalexis,42
aneth nemes,nesim,11
aneth nemes,pyram,6
aneth nemes,yercizenler,17
aneth nemes,zeynep çangarlı,25
anisa berliana,danielzyt,80
anisa berliana,hills95,580
anthony acquah,daleycc,367
anthony acquah,harmharm,1
anthony acquah,ibntēšfīn,2
anthony acquah,jennaepstein,70
anthony acquah,myosmalexis,239
anthony acquah,nesim,269
anthony acquah,nuri çekin,27
anthony acquah,pyram,15
anthony acquah,smgnslk,64
anthony acquah,teresalangenkamp,1
anthony acquah,yercizenler,546
anthony acquah,ylmzfrk,40
anthony acquah,zehrakay,4
anthony acquah,zeynep çangarlı,101
antwerpen,archie,13
apanisile francis oluwaseun,lawot,16
apanisile francis oluwaseun,solution oriented,94
apburr,hills95,3
armasari,brublanc,251
armasari,dalik58,1
armasari,danielzyt,1409
armasari,dosandriani,63
armasari,hills95,205
armasari,lani_martin,239
armasari,mannequinbaby,62
arnekimmig,danielzyt,86
arnekimmig,hills95,24
arnekimmig,judithkamugisha,51
arnekimmig,kiggudde,3
arnekimmig,murungi christopher,6
arnekimmig,naturinda,80
arnekimmig,olatubosun,31
arshakerbrown,brublanc,23320
arshakerbrown,emily glaeser,709
arshakerbrown,hawa adinani,103
arshakerbrown,lani_martin,4081
arshakerbrown,walterbroll,514
arshakerbrown,zakatar,62
artamonovnik,danielzyt,834
artamonovnik,elkueb,2
artamonovnik,jacob ladwar,216
artamonovnik,jochem van rijswijk,8
artamonovnik,klain890,518
artamonovnik,lemnis,4
artamonovnik,manirakiza moses,3
artamonovnik,sanderson2708,4
artamonovnik,shamillah,1
arthurian arthur,hills95,908
arthurian arthur,nabulo carol,25
arthurian arthur,sarrukh,42
asaro92,michael montani,99900
asaro92,veevee123,58
asturksever,carolina echavarria,49
asturksever,danieleoxoli,7
asturksever,frafra,17
asturksever,michael montani,899
asturksever,tars4815,20630
atamaadam,eyevan,128
atamaadam,hills95,38024
atodd343,danolad,162
aubry1,stonemill1,1
aury88,byeongil bae,26
aury88,carolina echavarria,6
aury88,chiaraponti,252
aury88,danieleoxoli,501
aury88,fabio cattaneo,323
aury88,frafra,644
aury88,kilsedar,4856
aury88,lorenzostucchi,1050
aury88,mark2295,110
aury88,michael montani,243
aury88,tars4815,410
bashirmuguya,hills95,175
bashirmuguya,ratrun,5
bbboogie,lani_martin,4971
bcnorwich,darwin's tripods,10
bcnorwich,gurglypipe,5
bcnorwich,hofoen,2
bcnorwich,jpennycook,12
bcnorwich,kieranc17,2
bcnorwich,monkeyguy78,11
bcnorwich,naomip,5
bcnorwich,ndrw6,306
bcnorwich,peregrination,457
bcnorwich,richardg6paj,1
bcnorwich,thomasøderud,1
bcnorwich,tubbai11,3
bdagdeviren,hasan hüseyin hacıyusufoğlu,1
bdiscoe,olatubosun,92
bdiscoe,tars4815,178
bdiscoe,zwombie,42
beautifulmind,binary fairy,12
beautifulmind,bobwalter42,3
beautifulmind,brublanc,13594
ben-dd,johnwhelan,224
ben-dd,ro sun,269
bieluga,maryoolo,1
bilbo huggins,gctreasurer,10
bilbo huggins,reeseray789,64
bin tuji,bobwalter42,95
bin tuji,emily glaeser,2693
binary fairy,brublanc,451
binary fairy,lani_martin,24
binary fairy,shingj10042,24
binary fairy,walterbroll,20
binary fairy,zakatar,105
bishal9841,johnwhelan,15
bjohas,hills95,231
blee31,brublanc,1978
blee31,nwasi,1068
bman,naturinda,16
bobwalter42,brublanc,3315
bobwalter42,emily glaeser,273
bobwalter42,paul evance,8
bohnenstange,tars4815,18
brb1693,kaitlynh,396
brb1693,nandjo,544
brb1693,ratrun,8
brianna dean,kilsedar,364
brublanc,bvivi,8
brublanc,danielzyt,100
brublanc,deemey95,759
brublanc,emily glaeser,1664
brublanc,eric teller,33
brublanc,evendene,23492
brublanc,fatisya ilani yusuf,8
brublanc,hawa adinani,4741
brublanc,jiajing zhang,5
brublanc,kreitz19,121
brublanc,la_nenemini,279
brublanc,lani_martin,3559
brublanc,lmitch888,1
brublanc,mad354,44
brublanc,magiraud,2
brublanc,maptain haddock,2499
brublanc,nabulo carol,998
brublanc,naltizer,609
brublanc,nwasi,3683
brublanc,oberpfälzer,41
brublanc,pkodame,50
brublanc,reeseray789,56
brublanc,sarahcassius,7
brublanc,seefis,7
brublanc,shingj10042,2196
brublanc,stella lee,264
brublanc,sumit bikram rana,310
brublanc,vishwesh_s_h,1655
brublanc,walterbroll,10328
brublanc,zakatar,224
brublanc,zemin dhanani,626
brunoacafonso,marvin bergner,1
bunkys,kaitlynh,55
burak kolukısa,richrico,3
bvivi,hills95,89
bvivi,johnwhelan,2
bvivi,netondo,3
bvivi,sumit bikram rana,75
bvivi,tukei,32
bvivi,zemin dhanani,81
byeongil bae,chiaraponti,9
byeongil bae,danieleoxoli,3
byeongil bae,fabio cattaneo,10
byeongil bae,frafra,16
byeongil bae,kilsedar,132
byeongil bae,lorenzostucchi,29
byeongil bae,mark2295,2
byeongil bae,michael montani,6
byeongil bae,tars4815,11
cagatay_binici,mike140,1
cagatay_binici,nesim,11
cagatay_binici,scarletazure,9
cagatay_binici,unen,17
cahjo,hills95,2312
cahjo,kaluba micheal,1
cahjo,petri eskelinen,93
cahjo,shamillah,2
calfarome,fliant,14
camillae,pauline macharia,40
camillae,zetel,20
carau,hollyallaway1,1
carau,itsukishindo,261
carau,johnwhelan,1
carau,mapmaker lp,3
carolina echavarria,danieleoxoli,259
carolina echavarria,frafra,681
carolina echavarria,kilsedar,645
carolina echavarria,lorenzostucchi,68
carolina echavarria,michael montani,14919
cartoglee,elia dominic,28
cartoglee,hills95,2091
cartoglee,nuru_kalulunga,32
cengiz söğütlü,j1scad,1
ceylanoz,engkrg,9
ceylanoz,ufukari,13
chaslil,danielzyt,64
chaslil,kaluba micheal,4
chiaraponti,danielzyt,22781
chiaraponti,fabio cattaneo,1170
chiaraponti,frafra,45
chiaraponti,hills95,3172
chiaraponti,lorenzostucchi,3277
chiaraponti,mark2295,18
chiaraponti,michael montani,5648
chiaraponti,naturinda,4256
chiaraponti,siima,2040
chiaraponti,tars4815,18289
chiaraponti,teteka,162
chomba chishala,herr_flupke,16
chomba chishala,michael montani,340
chrilog,danielzyt,6520
chrislaf,hills95,605
chrislaf,ingrid k,1
chrislaf,kombe1207,1
chrislaf,prosper1994,116
christer1,lani_martin,552
christer1,nea123,1
christer1,suny geneseo gis association,6
chukwumaa,olatubosun,130
chukwumaa,valerie nwakusor,72
cihanbirtan,march four,65
cihanbirtan,oğuz bey,79
cihanbirtan,scarletazure,159
citymapperhq,imp_gl,1
cristi4n,tars4815,68
ctransebastian,hills95,545
ctransebastian,kiggudde,252
daantje16,danielzyt,8573
daantje16,hills95,347
daantje16,kiggudde,157
daantje16,klain890,9
daantje16,lemnis,4
dagliselim,ezgicardakli,3
dagliselim,kshuseyin,15
daleycc,ibntēšfīn,20
daleycc,myosmalexis,195
daleycc,nesim,259
daleycc,nuri çekin,24
daleycc,smgnslk,135
daleycc,yercizenler,128
daleycc,ylmzfrk,42
dalik58,danielzyt,714
dalik58,dosandriani,27
dalik58,hills95,3
dalik58,mannequinbaby,5
dalik58,nababi tracy,6
dalkeith,hobgoblin,2
danieleoxoli,fabio cattaneo,265
danieleoxoli,fede_stat,18
danieleoxoli,frafra,4516
danieleoxoli,giulia corona,12
danieleoxoli,henkinator023,8
danieleoxoli,kilsedar,4644
danieleoxoli,lorenzostucchi,32874
danieleoxoli,mark2295,61
danieleoxoli,michael montani,3157
danieleoxoli,nabulo carol,1984
danieleoxoli,ratrun,14
danieleoxoli,tars4815,244
danielzyt,daryr,20799
danielzyt,dosandriani,56300
danielzyt,dygeza,1
danielzyt,emilybarham,2
danielzyt,evlyn tumwah,5123
danielzyt,eyevan,36
danielzyt,ftcat,372
danielzyt,gabi35,8
danielzyt,geertnys,76
danielzyt,h1234,23
danielzyt,heijunka,6
danielzyt,hillary mumbere,996
danielzyt,hills95,5156566
danielzyt,houston_mapper1,1165
danielzyt,htusiime,301
danielzyt,hugovk,1863
danielzyt,iidaut,212
danielzyt,imambasofi,1102
danielzyt,jacob ladwar,83
danielzyt,jochem van rijswijk,7
danielzyt,joeclmbr,1981
danielzyt,johnwhelan,222
danielzyt,judithkamugisha,51883
danielzyt,juhonoro,98
danielzyt,juweni,14192
danielzyt,kaatchristowitz,199
danielzyt,kahembi,899
danielzyt,kaluba micheal,3307
danielzyt,keuber patrick,1465
danielzyt,kiggudde,27239
danielzyt,klain890,190435
danielzyt,kokaz,145
danielzyt,kombe1207,625
danielzyt,lani_martin,1480
danielzyt,lemnis,48
danielzyt,liisaha,27
danielzyt,lisa marie owen,15
danielzyt,magiraud,4038
danielzyt,mannequinbaby,19489
danielzyt,marco443,9
danielzyt,markus jylhä,6955
danielzyt,marrien,200
danielzyt,marvin bergner,36020
danielzyt,mconant,1891
danielzyt,mhoang,360
danielzyt,mjaia,474
danielzyt,mpuuga,4475
danielzyt,mszuhan,9
danielzyt,mugabi henry,27008
danielzyt,musawo,168
danielzyt,nababi tracy,6702
danielzyt,nabulo carol,5775564
danielzyt,naputus,236
danielzyt,nateheard,19
danielzyt,naturinda,15091
danielzyt,nawinecoff,212
danielzyt,nelephant,40
danielzyt,netondo,1
danielzyt,nicoleyohe,6132
danielzyt,nielkrokodil,5
danielzyt,nifemi salami,361
danielzyt,noyprd,87
danielzyt,okwang stephen,113839
danielzyt,ottor,96
danielzyt,overday@gis,22
danielzyt,paradox24,2
danielzyt,petou,398
danielzyt,philippe w,1
danielzyt,piilan1,1863
danielzyt,piligab,16
danielzyt,pinja-liina,4
danielzyt,prosper1994,11355
danielzyt,rab,7
danielzyt,ratrun,54
danielzyt,robbanda,42
danielzyt,rofiqoh,681
danielzyt,russdeffner,55
danielzyt,scalpag,24
danielzyt,shamillah,73726
danielzyt,siima,27747
danielzyt,sophie 5,108
danielzyt,sunrich,54
danielzyt,swardshenton,76
danielzyt,tars4815,3728
danielzyt,tetram,95
danielzyt,thenodewarrior,72
danielzyt,therealetienne,868
danielzyt,tonny john,14
danielzyt,trevordodge,928
danielzyt,upendrakarukonda,10
danielzyt,wava stella,4
danielzyt,wazzonas,1390
danielzyt,yeta,1473
danielzyt,yogendra86,8
danielzyt,zwombie,206
danielzyt,zygmunt czykieta,180
dankpoet,ericdose,16
dankpoet,jasper_w,50
dankpoet,karanjaelijah,12459
dankpoet,kitol,9
dankpoet,naturinda,149
dankpoet,panieravide,18
dankpoet,piaco_dk,3
dankpoet,rudie_ironman,71
dankpoet,sagaml,21
dankpoet,yli222,1
danolad,hokieg3n1us,296
danolad,marion barry,79
danolad,max planck,166
danolad,philipvanzyl,60
danolad,smart d,10
danolad,solution oriented,964
danolad,sydneymcdonald22,2284
danolad,wisniewskin,122
danolad,wo gehen wir hin,188
danvyr,ro sun,79
dar44,ismaeldiarria,3
darasimi,lawot,1201
darasimi,solution oriented,73636
daryr,dosandriani,1
daryr,elsombregreco,3
daryr,gino411,7
daryr,hills95,15015
daryr,michael63,17
daryr,mjb3,14
daryr,nabulo carol,65244
daryr,prosper1994,9
daryr,rab,10
daryr,siima,4
daryr,szjjdd,5
dativa chuwa,lani_martin,288
dave stanley,gregory williams,7
daveg46,naomip,1
denisju,kragon77,18
dianatcarevskaia,olatubosun,1211
dianatcarevskaia,tomm4,188
dianawa_22,lani_martin,44
diegoestebanz,emily glaeser,363
diegoestebanz,kyle snyder,1
dmgroom_ct,naomip,115
dmgroom_ct,robert whittaker,35
dogucantapan,dorukerg,3
dogucantapan,scarletazure,8
doommaster,tars4815,82
dorukerg,scarletazure,6
dosandriani,elsombregreco,2
dosandriani,hills95,25333
dosandriani,mannequinbaby,1056
dosandriani,nabulo carol,399
driftraf,harg,3
driftraf,mattfromderby,2
driftraf,peregrination,53
dygeza,georgeous,55
dygeza,hills95,3149
dygeza,nielkrokodil,66
dygeza,nuru_kalulunga,30
eastender,maclondon,18
eastender,peregrination,9
eastender,russ,8
eboney,ottor,12
edgar collins,hills95,139
edgar collins,kongamato,4
edgar collins,moses kitwi,1
edgar collins,nabulo carol,5
edgar collins,nielkrokodil,4
edict01,hills95,2946
edict01,kiggudde,2470
edss,mcheckimport,22
edss,michael montani,18
edvac,ismaeldiarria,6
edvac,maxime284,2
eero_sario,evlyn tumwah,252
eero_sario,hills95,332
eero_sario,hugovk,30
eero_sario,juhonoro,177
eglatorre,evlyn tumwah,346
eglatorre,hills95,3975
eglatorre,kaluba micheal,150
eglatorre,klain890,220
eglatorre,mpuuga,450
eleuthere,tars4815,95
elia dominic,hills95,248
elia dominic,nielkrokodil,32
eljot8472,hills95,99
elkueb,evlyn tumwah,175
elkueb,h1234,22
elkueb,hills95,760
elkueb,hugovk,58
elkueb,jochem van rijswijk,12
elkueb,juhonoro,128
elkueb,kaluba micheal,15
elkueb,kiggudde,6
elkueb,klain890,20
elkueb,lindatina,6
elkueb,manirakiza moses,4
elkueb,mpuuga,10
elkueb,mugabi henry,19
elkueb,nicoleyohe,2
elkueb,nifemi salami,60
elkueb,pinja-liina,22
elkueb,therealetienne,2
elkueb,willemr,17
ella_b,hills95,1196
ella_b,judithkamugisha,417
ella_b,nabulo carol,2814
elsombregreco,nabulo carol,597
elyseelyse,pauline macharia,213
elyseelyse,zetel,11
emily glaeser,geocrazy,433
emily glaeser,lani_martin,19226
emily glaeser,mir76,267
emily glaeser,ratrun,12
emilybarham,hills95,5120
emilybarham,kiggudde,36
enock4seth,pkodame,16
equilibrium000,salami haruna olalekan,45
equilibrium000,smart d,77
equilibrium000,solution oriented,4866
equilibrium000,wisniewskin,698
ericdose,jasper_w,5
ericdose,karanjaelijah,1503
ericdose,panieravide,4
ericdose,rudie_ironman,14
ericdose,sagaml,2
erno,hills95,63
erno,klain890,1072
erno,shamillah,34
esther goga,lani_martin,233
esunget,georgeous,33
esunget,hills95,3649
esunget,lakwera,7
esunget,mugabi henry,39
esunget,nuru_kalulunga,15
esunget,ratrun,10
esunget,vickiemorine,109
evan odell,maclondon,13
evan odell,pedds,8
evan odell,peregrination,81
evan odell,plexi32,1
evan odell,russ,10
evendene,kreitz19,32
evendene,lani_martin,8
evendene,maptain haddock,4
evendene,nwasi,21
everydayduffy,olatubosun,96
evlyn tumwah,hills95,16089
evlyn tumwah,kaluba micheal,12
evlyn tumwah,klain890,1910
eyevan,hills95,6012
eyevan,kaluba micheal,67
eyevan,kombe1207,8
eyevan,manirakiza moses,16
eyevan,nababi tracy,966
eyevan,nabulo carol,76
eyevan,nielkrokodil,2
ezgicardakli,oguzhantutar,121
fabio cattaneo,frafra,17
fabio cattaneo,kilsedar,129
fabio cattaneo,lorenzostucchi,29
fabio cattaneo,mark2295,12
fabio cattaneo,michael montani,18
fabio cattaneo,tars4815,91
fatisya ilani yusuf,juweni,5
fatisya ilani yusuf,nabulo carol,58
fatisya ilani yusuf,tasauf1980,51
fede_stat,frafra,669
fede_stat,giulia corona,8
felix12,hills95,395
felix12,raducu1978,13
felix12,sarrukh,22
fliant,hills95,53521
fliant,nababi tracy,8575
fliant,nabulo carol,380
fliant,prosper1994,2410
fliant,siima,5100
fliant,tars4815,37
fox91fox,frafra,393
frafra,gertrude aj,70
frafra,giulia corona,4
frafra,henkpunt-hot,36
frafra,isimon,9
frafra,kilsedar,3227
frafra,klenje,11
frafra,lorenzostucchi,1028
frafra,lusirto,5
frafra,mark2295,68
frafra,mcheckimport,328
frafra,michael montani,6824
frafra,moradon,53
frafra,nikolas von randow,4
frafra,tars4815,11592
francal,nielkrokodil,19
francoerbi41,roys2728,12
francoerbi41,tars4815,14
ftcat,hills95,217
ftcat,nielkrokodil,4
ftcat,tonny john,2
gabi35,hills95,16
gabi35,iidaut,12
gabi35,kaluba micheal,13
gabi35,klain890,1
gabi35,mszuhan,3
gabi35,philippe w,27
gabi35,shamillah,3
gabi35,tetram,5
gctreasurer,johnwhelan,3
gctreasurer,mconant,11771
gctreasurer,reeseray789,13965
geertnys,hills95,5842
geertnys,kiggudde,42
geisel80,szjjdd,1
geoceci,hills95,57
geocrazy,lani_martin,4373
geocrazy,mir76,1
geocrazy,thequietstorm88,34
georgeous,hills95,1414
georgeous,nielkrokodil,45
georgeous,nuru_kalulunga,78
geosmart,mikew1123,1008
geosmart,nelsonoaks,56
geosmart,ratrun,7
geosmart,salami haruna olalekan,63
geosmart,smart d,1123
geosmart,solution oriented,35900
geosmart,tupero,213
geosmart,wisniewskin,9300
gerdp,juweni,83
ginaroz,northberic,13
gino411,nabulo carol,1360
giraud colin,nicojp,1
godenfiles,hills95,1503
godenfiles,muwanga ronie,17
godofsix,olatubosun,80
godofsix,osuntoye,32
gregory williams,lksnds,8
gregory williams,someplacemapperct,3
gwantwa mwakibete,hills95,1126
h1234,therealetienne,1
halclem,tars4815,34
happy-camper,hills95,2373
happy-camper,mapintosh,1
harg,peregrination,6
harmharm,nesim,21
harmharm,yercizenler,4
hasan hüseyin hacıyusufoğlu,march four,1
hasan hüseyin hacıyusufoğlu,scarletazure,26
hasan hüseyin hacıyusufoğlu,unen,7
hawa adinani,hills95,156
hawa adinani,ivan 17,2
hawa adinani,kaluba micheal,2
hawa adinani,mugabi henry,4
hawa adinani,nabulo carol,201
hawa adinani,nielkrokodil,57
hawa adinani,sarrukh,36
hawa adinani,sunrich,3
hawa adinani,tonny john,3
hawa adinani,walterbroll,218
hawa adinani,yusuf hamba,15
henkinator023,lorenzostucchi,1283
henkinator023,maddie simpson,3
herr_flupke,michael montani,4
hillary mumbere,hills95,10409
hillary mumbere,kaluba micheal,16
hillary mumbere,kiggudde,156
hillary mumbere,klain890,716
hillary mumbere,ratrun,10
hills95,htusiime,611
hills95,hugovk,1453
hills95,ice256,1756
hills95,iidaut,3830
hills95,johnwhelan,128
hills95,josie studd,163
hills95,jpg239,14
hills95,judithkamugisha,458571
hills95,juhonoro,67
hills95,juweni,125780
hills95,kajomi,1363
hills95,kaluba micheal,3444
hills95,keuber patrick,79
hills95,kevinwien,48
hills95,kiggudde,58496
hills95,klain890,205002
hills95,kombe1207,131
hills95,lani_martin,17179
hills95,liam18929920,4624
hills95,liisaha,51
hills95,livasa,23
hills95,mahabala henry,47
hills95,mannequinbaby,19
hills95,mapintosh,931
hills95,markus jylhä,72
hills95,meryre,267
hills95,mjaia,15748
hills95,mjb3,2182
hills95,moses kitwi,110
hills95,mpuuga,2642
hills95,mszuhan,41
hills95,mugabi henry,17530
hills95,musawo,724
hills95,mutenyo joan,8
hills95,muwanga ronie,5
hills95,nababi tracy,24728
hills95,nabulo carol,16991587
hills95,naomiangelia,206
hills95,naputus,72246
hills95,naturinda,292979
hills95,nawinecoff,4885
hills95,nelephant,131
hills95,netondo,10
hills95,nicoleyohe,544
hills95,nidhi malik,72
hills95,nielkrokodil,3121
hills95,nifemi salami,12
hills95,nuru_kalulunga,159
hills95,overday@gis,212
hills95,panasko,12
hills95,petri eskelinen,5128
hills95,philippe w,11
hills95,piilan1,132
hills95,piligab,411
hills95,pinja-liina,1
hills95,prosper1994,42307
hills95,rab,97
hills95,raducu1978,134
hills95,ratrun,153
hills95,richard dalmat,2
hills95,rofiqoh,1833
hills95,roisin96,8647
hills95,ruby stewart,983
hills95,russdeffner,54
hills95,sarrukh,361
hills95,shamillah,247529
hills95,siima,99073
hills95,simon c loose,8
hills95,sisye isaiah,12
hills95,sollyishack,48
hills95,suranokr,133
hills95,szjjdd,1594
hills95,tars4815,1980
hills95,tasauf1980,67
hills95,teteka,108
hills95,tetram,3843
hills95,tomm4,48
hills95,tonny john,89
hills95,tri selasa,432
hills95,tukei,691
hills95,upendrakarukonda,760
hills95,vickiemorine,413
hills95,vipos,17
hills95,yercizenler,3033
hills95,yurasi,3
hills95,zwombie,429
hollyallaway1,itsukishindo,183
houston_mapper1,kiggudde,9
hugovk,juhonoro,19
hugovk,mpuuga,781
ibntēšfīn,nesim,2
ibntēšfīn,smgnslk,4
ibntēšfīn,yercizenler,4
ibntēšfīn,ylmzfrk,4
ido marom,mikew1123,259
ido marom,solution oriented,552
iidaut,jkalz,5
iidaut,kaluba micheal,61
iidaut,kiggudde,226
iidaut,klain890,203
iidaut,shamillah,316
ika baldess,kaluba micheal,14
ika baldess,klain890,333
ika baldess,ratrun,14
ikechukwu,smart d,8
ikechukwu,solution oriented,796
ikechukwu,wisniewskin,195
ilaydas,murat besler,4
ilaydas,nesim,18
ilaydas,unen,5
imarianne,sab27,22
imp_gl,yorvik prestigitator,1
ingrid k,prosper1994,23
issa1,mikew1123,39
itsukishindo,johnwhelan,145
itsukishindo,mapmaker lp,105209
itsukishindo,nhamoudi,1218
itsukishindo,ohanaunited,178
ivan 17,mahabala henry,3
ivan 17,nielkrokodil,7
j1scad,nesim,8
j1scad,yercizenler,27
jabahum,nababi tracy,85
jabahum,nielkrokodil,1
jackrabbitbrush,klain890,58
jacob ladwar,klain890,1117
jason roy,ro sun,123
jasonmcclung,judithkamugisha,92
jasper_w,karanjaelijah,4805
jasper_w,kitol,4
jasper_w,panieravide,11
jasper_w,rudie_ironman,42
jasper_w,sagaml,6
jaykayshow,olatubosun,162
jbelanger,reeseray789,644
jean-yves longchamp,martintamarre,3
jean-yves longchamp,nicojp,1
jennaepstein,myosmalexis,57
jennaepstein,nesim,42
jennaepstein,yercizenler,105
jennaepstein,zeynep çangarlı,2
jiajing zhang,muriga muchiri,8
jkmakowka,jochem van rijswijk,64
jkmakowka,kiggudde,9
jkmakowka,klain890,123
jkmakowka,lemnis,108
jkmakowka,markus jylhä,56
jkmakowka,meryre,2
jkmakowka,mugabi henry,89
jkmakowka,nicoleyohe,38
jkmakowka,sanderson2708,14
jkmakowka,steven_boyd,9
jnsp,juweni,2621
jochem van rijswijk,kiggudde,39
jochem van rijswijk,klain890,338
jochem van rijswijk,mugabi henry,147
jochem van rijswijk,shamillah,59
john dara,solution oriented,47187
johnwhelan,nielkrokodil,5
joria,kaitlynh,936
joria,kerrymapper,16
jozefm,peregrination,6
jpennycook,yorvik prestigitator,5
jpg239,nielkrokodil,6
judithkamugisha,juweni,27139
judithkamugisha,kaatchristowitz,29
judithkamugisha,kiggudde,49137
judithkamugisha,klain890,20687
judithkamugisha,m alejo,1392
judithkamugisha,marco443,5083
judithkamugisha,michael montani,5316
judithkamugisha,nababi tracy,37896
judithkamugisha,nabulo carol,951977
judithkamugisha,naturinda,40917
judithkamugisha,pandabear,433
judithkamugisha,prosper1994,28869
judithkamugisha,shamillah,344
judithkamugisha,siima,62861
judithkamugisha,tars4815,7769
juliakleine,solution oriented,2181
juweni,kahembi,24
juweni,nabulo carol,461747
juweni,naturinda,31344
juweni,overday@gis,8
juweni,prosper1994,784
juweni,red_ranger,434
juweni,robbanda,30
juweni,siima,16877
juweni,tars4815,569
juweni,whatmeinfallible,37
kadir612,merve_ugur,2
kahembi,lorenzostucchi,503
kahembi,tars4815,14313
kaitlynh,kerrymapper,50
kaitlynh,nandjo,10
kaitlynh,ratrun,84
kaluba micheal,kiggudde,468
kaluba micheal,klain890,670
kaluba micheal,mugabi henry,1224
kaluba micheal,nababi tracy,76
kaluba micheal,nabulo carol,344
kaluba micheal,netondo,13
kaluba micheal,nielkrokodil,132
kaluba micheal,philippe w,1
kaluba micheal,prosper1994,11
kaluba micheal,raducu1978,24
kaluba micheal,shamillah,92
karanjaelijah,kitol,202
karanjaelijah,panieravide,108
karanjaelijah,rudie_ironman,389
karanjaelijah,sagaml,2468
karinajay,tars4815,1308
keuber patrick,kiggudde,32
keuber patrick,liam18929920,1
keuber patrick,mugabi henry,154
keuber patrick,piilan1,23
kiggudde,klain890,359
kiggudde,maggie in leith,53
kiggudde,mugabi henry,70
kiggudde,nababi tracy,144
kiggudde,naturinda,5248
kiggudde,shamillah,53
kilsedar,lorenzostucchi,5842
kilsedar,mark2295,394
kilsedar,marvin bergner,40
kilsedar,michael montani,1096
kilsedar,naturinda,256
kilsedar,rafaela pb,165
kilsedar,tars4815,2070
kingrollo,nabulo carol,1
kitol,sagaml,3
klain890,mugabi henry,957
klain890,nidhi malik,296
klain890,ratrun,34
klain890,sanderson2708,1
klain890,shamillah,921
klain890,wava stella,1
knihovnik,marco443,864
knihovnik,michael montani,18200
kombe1207,lowenz,2
kombe1207,nababi tracy,419
kombe1207,nabulo carol,8
kombe1207,nielkrokodil,26
kombe1207,prosper1994,41
kombe1207,sunrich,12
kombe1207,tonny john,2
kostik,murat besler,2
kostik,nesim,1
kostik,scarletazure,2
kostik,unen,1
kreuzschnabel,secondedition,29
kreuzschnabel,stonemill2,10
kreuzschnabel,thomasøderud,5
kwaku_boateng,pkodame,36
kwaku_boateng,prosper1994,17
kwaku_boateng,tars4815,699
la_nenemini,maptain haddock,1414
la_nenemini,nwasi,23
la_nenemini,stella lee,1
lani_martin,mywayornohighway,110
lani_martin,nabulo carol,963558
lani_martin,nwasi,2099
lani_martin,nzak88,1396
lani_martin,qorinaputri,10
lani_martin,rofiqoh,427
lani_martin,shingj10042,59
lani_martin,spawkly,2301
lani_martin,sumit bikram rana,5359
lani_martin,suny geneseo gis association,129
lani_martin,thequietstorm88,1584
lani_martin,walterbroll,577
lani_martin,zakatar,204
lani_martin,zemin dhanani,7694
lawot,solution oriented,48125
legolash2oliam,richardg6paj,9
leigh-ann,olatubosun,355
lemnis,marco443,3
lemnis,markus jylhä,219
lemnis,mugabi henry,10
lemnis,nicoleyohe,230
liam18929920,meryre,82
liam18929920,roisin96,474
liam18929920,ruby stewart,166
libor bednarik,marco443,440
libor bednarik,michael montani,43791
libor bednarik,piaco_dk,268
libor bednarik,tars4815,19776
liisaha,pinja-liina,41
lindatina,manirakiza moses,1
lindatina,willemr,15
lisa marie owen,magiraud,5
livasa,nicoleyohe,329
livasa,ratrun,14
llc6,tars4815,26
lmitch888,mconant,59
lmitch888,oberpfälzer,13
lmitch888,reeseray789,561
lmitch888,sac1234,2
lordcob,roys2728,13
lordcob,tars4815,117
lorenzostucchi,maddie simpson,12
lorenzostucchi,mark2295,113
lorenzostucchi,michael montani,10326
lorenzostucchi,tars4815,10118
lorenzostucchi,teteka,144
lowenz,nababi tracy,121
lowenz,tonny john,1
lukwago,nabulo carol,96
lusirto,moradon,191
lusirto,nikolas von randow,10
maclondon,mcld,10
maclondon,pedds,53
maclondon,peregrination,326
maclondon,plexi32,4
maclondon,ridixcr,2
maclondon,russ,222
maclondon,spiregrain,7
maclondon,user9319062,5
maclondon,weasel-wiesel,6
maggie in leith,petri eskelinen,187
magiraud,nababi tracy,80
magiraud,zygmunt czykieta,8
mahabala henry,moses kitwi,5
mahabala henry,nielkrokodil,73
mahabala henry,tonny john,16
manirakiza moses,nababi tracy,1095
manirakiza moses,naturinda,152
manirakiza moses,nielkrokodil,39
manirakiza moses,nifemi salami,1
manirakiza moses,willemr,5
mapmaker lp,nhamoudi,18
mapmaker lp,ohanaunited,302
maptain haddock,nwasi,35
maptain haddock,sumit bikram rana,262
march four,scarletazure,2
marco443,michael montani,10076
marco443,mugabi henry,7
marco443,tars4815,680
marion barry,max planck,13
marion barry,philipvanzyl,9
marion barry,wo gehen wir hin,43
mark2295,michael montani,17
mark2295,tars4815,30
markus jylhä,mpuuga,27
marthaleena,nababi tracy,53
martintamarre,nicojp,1
marvin bergner,mhoang,99
mattfromderby,peregrination,34
max planck,wo gehen wir hin,18
mcheckimport,michael montani,2190
mcheckimport,stefano21,6
mcld,peregrination,34
mcld,spiregrain,3
mconant,reeseray789,171560
mconant,sac1234,181
melody-a,shazm,2
melody-a,tars4815,284
meridianeum,prinzvizzy,32
meridianeum,solution oriented,11975
meryre,mpuuga,7
meryre,mugabi henry,33
meryre,nabulo carol,406
michael montani,peter14,13
michael montani,piaco_dk,4
michael montani,stefano21,20
michael montani,tars4815,56877
michael63,nabulo carol,2262
michaels bus,nielkrokodil,30
mikew1123,solution oriented,65109
mikew1123,wisniewskin,358
mjaia,mpuuga,13
mjaia,mugabi henry,123
mjaia,naputus,723
mjaia,piilan1,85
mjaia,shamillah,76
mjb3,szjjdd,14
moradon,nikolas von randow,61
moses kitwi,nielkrokodil,11
moses kitwi,nuru_kalulunga,1
moses kitwi,tonny john,4
moses02,olatubosun,194
mpuuga,shamillah,30
mstan080,olatubosun,16
mstan080,zwombie,1
mszuhan,philippe w,10
mszuhan,tetram,90
mugabi henry,nababi tracy,407
mugabi henry,naturinda,2
mugabi henry,ngumenawesamson,248
mugabi henry,nicoleyohe,122
mugabi henry,nielkrokodil,201
mugabi henry,philippe w,295
mugabi henry,piilan1,175
mugabi henry,prosper1994,87
mugabi henry,ratrun,2
mugabi henry,shamillah,10
mugabi henry,tetram,303
mugabi henry,u aye maung,1
murat besler,scarletazure,5
murungi christopher,paradox24,6
musawo,shamillah,13
mutenyo joan,nababi tracy,3946
mutenyo joan,nielkrokodil,50
mutenyo joan,russdeffner,1
mwesigwa irene,prosper1994,2
mwesigwa irene,tars4815,1968
myosmalexis,nesim,236
myosmalexis,nuri çekin,18
myosmalexis,pyram,18
myosmalexis,smgnslk,42
myosmalexis,yercizenler,65
myosmalexis,ylmzfrk,1
myosmalexis,zeynep çangarlı,26
mywayornohighway,tars4815,165
nababi tracy,nabulo carol,6380
nababi tracy,naturinda,3877
nababi tracy,nielkrokodil,680
nababi tracy,prosper1994,238
nababi tracy,siima,6395
nababi tracy,tars4815,21101
nababi tracy,tonny john,101
nabulo carol,naturinda,9033
nabulo carol,nielkrokodil,442
nabulo carol,nuru_kalulunga,268
nabulo carol,piligab,286
nabulo carol,pkodame,178
nabulo carol,prosper1994,22700
nabulo carol,rab,13038
nabulo carol,robbanda,16
nabulo carol,rofiqoh,15389
nabulo carol,sarahjoy,4
nabulo carol,sarrukh,2283
nabulo carol,shamillah,103
nabulo carol,siima,21533
nabulo carol,simon c loose,16
nabulo carol,tars4815,75311
nabulo carol,tasauf1980,256
nabulo carol,tonny john,10
nabulo carol,upendrakarukonda,574
nabulo carol,vickiemorine,647
namu derrico,prosper1994,1
namu derrico,yusuf hamba,57
naputus,shamillah,808
naturinda,nawinecoff,2304
naturinda,nelephant,9
naturinda,okwang stephen,2224
naturinda,prosper1994,403
naturinda,sara_j,2
naturinda,siima,53057
naturinda,tars4815,936
naturinda,yli222,63
nelsonoaks,noswet,32
nelsonoaks,smart d,1229
nelsonoaks,solution oriented,32549
nelsonoaks,wisniewskin,4741
nesim,nuri çekin,2
nesim,ozkanabdllh,14
nesim,pyram,10
nesim,scarletazure,35
nesim,setenay,2
nesim,smgnslk,12
nesim,teresalangenkamp,3
nesim,unen,119
nesim,yercizenler,252
nesim,ylmzfrk,13
nesim,zehrakay,2
nesim,zeynep çangarlı,130
netondo,nielkrokodil,5
netondo,tukei,191
nicoleyohe,shamillah,16
nielkrokodil,patricia kanyerere,1
nielkrokodil,sarrukh,37
nielkrokodil,tukei,80
nielkrokodil,upendrakarukonda,1
nielkrokodil,vickiemorine,4
nielkrokodil,zwombie,1
noswet,solution oriented,13693
noswet,wisniewskin,1504
nuri çekin,smgnslk,2
nuri çekin,yercizenler,20
nuri çekin,ylmzfrk,1
nuru_kalulunga,shamillah,16
nuru_kalulunga,siima,7
nuru_kalulunga,tukei,26
nushsaid,temitope,784
nwasi,sumit bikram rana,1445
nwasi,zemin dhanani,4123
oberpfälzer,reeseray789,191
olatubosun,osuntoye,8
olatubosun,paulo martim,1182
olatubosun,ratrun,1450
olatubosun,sp!ke,168
olatubosun,usefulness,319
olatubosun,valerie nwakusor,51
olatubosun,zwombie,98
oldcor,palolo,754
oldcor,tars4815,3140
omerklc755,ratrun,1
oğuz bey,scarletazure,1
painkill,sokol1901,2
palolo,tars4815,912
pandabear,suranokr,23
panieravide,rudie_ironman,12
panieravide,sagaml,4
pauline macharia,zetel,224
pedds,peregrination,40
pedds,russ,64
peregrination,plexi32,7
peregrination,russ,112
peregrination,spiregrain,3
peregrination,tubbai11,7
peregrination,weasel-wiesel,4
petri eskelinen,shamillah,101
philippe w,swardshenton,43
philippe w,tetram,118
philipvanzyl,wo gehen wir hin,33
phoenix star,smart d,936
phoenix star,solution oriented,11994
phoenix star,tupero,221
phoenix star,wisniewskin,3871
piaco_dk,tars4815,1197
plexi32,russ,10
poppyflowers,tomm4,46
prinzvizzy,solution oriented,16414
prosper1994,siima,2350
prosper1994,tars4815,10460
prosper1994,vickiemorine,1106
prosper1994,xicopath,163
pyram,yercizenler,3
pyram,zeynep çangarlı,6
rab,tars4815,20074
raducu1978,sarrukh,1
ratrun,salami haruna olalekan,11
ratrun,smart d,46
ratrun,solution oriented,2687
ratrun,tugume dan,28
ratrun,tupero,9
ratrun,uncle bourbon,6
ratrun,wisniewskin,322
rene78,vanagaudi,80
richard dalmat,zemin dhanani,20
rlaurentinus,sylwian_arup,68
rlaurentinus,tri selasa,11
robbanda,tars4815,205
roisin96,ruby stewart,198
roys2728,tars4815,85
rudie_ironman,sagaml,10
salami haruna olalekan,smart d,24
salami haruna olalekan,solution oriented,15261
salami haruna olalekan,wisniewskin,511
saltyone,stonemill2,92
scarletazure,unen,18
secondedition,stonemill2,13
secondedition,thomasøderud,25
setenay,unen,54
shamillah,tetram,79
shamillah,tukei,10
shamillah,yogendra86,48
shazm,tars4815,5
siima,tars4815,48
smart d,solution oriented,113874
smart d,wisniewskin,6338
smgnslk,yercizenler,12
smgnslk,ylmzfrk,9
solution oriented,tupero,9
solution oriented,wisniewskin,209315
sumit bikram rana,zemin dhanani,9530
sushi_klaus,tonybendell,8
tars4815,teteka,249
tars4815,theb37,1920
tars4815,wernerp,14
tars4815,wonderworld,605
tars4815,zetel,20
teresalangenkamp,yercizenler,11
teresalangenkamp,zehrakay,2
tonybendell,toyotagps,1
tukei,vickiemorine,4
tupero,wisniewskin,6430
vector xenon,wisniewskin,2
walterbroll,zakatar,8
wmietek,wmyrda,22
yercizenler,ylmzfrk,31
yercizenler,zehrakay,14
yercizenler,zeykaya,4
yercizenler,zeynep çangarlı,37
